Run_name	WM_retained	CSF_retained
/scratch/jsein/BIDS/EcritApp/derivatives/fmriprep/sub-001/func/sub-001_task-localizer_desc-confounds_timeseries.json	1	20
/scratch/jsein/BIDS/EcritApp/derivatives/fmriprep/sub-001/func/sub-001_task-regularity_run-1_desc-confounds_timeseries.json	5	20
/scratch/jsein/BIDS/EcritApp/derivatives/fmriprep/sub-001/func/sub-001_task-regularity_run-2_desc-confounds_timeseries.json	3	17
/scratch/jsein/BIDS/EcritApp/derivatives/fmriprep/sub-005/func/sub-005_task-localizer_desc-confounds_timeseries.json	2	12
/scratch/jsein/BIDS/EcritApp/derivatives/fmriprep/sub-005/func/sub-005_task-regularity_run-1_desc-confounds_timeseries.json	8	15
/scratch/jsein/BIDS/EcritApp/derivatives/fmriprep/sub-005/func/sub-005_task-regularity_run-2_desc-confounds_timeseries.json	2	10
/scratch/jsein/BIDS/EcritApp/derivatives/fmriprep/sub-006/func/sub-006_task-localizer_desc-confounds_timeseries.json	2	24
/scratch/jsein/BIDS/EcritApp/derivatives/fmriprep/sub-006/func/sub-006_task-regularity_run-1_desc-confounds_timeseries.json	11	27
/scratch/jsein/BIDS/EcritApp/derivatives/fmriprep/sub-006/func/sub-006_task-regularity_run-2_desc-confounds_timeseries.json	4	32
/scratch/jsein/BIDS/EcritApp/derivatives/fmriprep/sub-006/func/sub-006_task-regularity_run-3_desc-confounds_timeseries.json	4	33
/scratch/jsein/BIDS/EcritApp/derivatives/fmriprep/sub-006/func/sub-006_task-regularity_run-4_desc-confounds_timeseries.json	3	30
/scratch/jsein/BIDS/EcritApp/derivatives/fmriprep/sub-007/func/sub-007_task-localizer_desc-confounds_timeseries.json	18	17
/scratch/jsein/BIDS/EcritApp/derivatives/fmriprep/sub-007/func/sub-007_task-regularity_run-1_desc-confounds_timeseries.json	21	25
/scratch/jsein/BIDS/EcritApp/derivatives/fmriprep/sub-007/func/sub-007_task-regularity_run-2_desc-confounds_timeseries.json	22	23
/scratch/jsein/BIDS/EcritApp/derivatives/fmriprep/sub-007/func/sub-007_task-regularity_run-3_desc-confounds_timeseries.json	19	19
/scratch/jsein/BIDS/EcritApp/derivatives/fmriprep/sub-007/func/sub-007_task-regularity_run-4_desc-confounds_timeseries.json	18	18
/scratch/jsein/BIDS/EcritApp/derivatives/fmriprep/sub-008/func/sub-008_task-localizer_desc-confounds_timeseries.json	3	16
/scratch/jsein/BIDS/EcritApp/derivatives/fmriprep/sub-008/func/sub-008_task-regularity_run-1_desc-confounds_timeseries.json	2	17
/scratch/jsein/BIDS/EcritApp/derivatives/fmriprep/sub-008/func/sub-008_task-regularity_run-2_desc-confounds_timeseries.json	2	15
/scratch/jsein/BIDS/EcritApp/derivatives/fmriprep/sub-008/func/sub-008_task-regularity_run-3_desc-confounds_timeseries.json	3	20
/scratch/jsein/BIDS/EcritApp/derivatives/fmriprep/sub-008/func/sub-008_task-regularity_run-4_desc-confounds_timeseries.json	7	20
/scratch/jsein/BIDS/EcritApp/derivatives/fmriprep/sub-010/func/sub-010_task-localizer_desc-confounds_timeseries.json	3	13
/scratch/jsein/BIDS/EcritApp/derivatives/fmriprep/sub-010/func/sub-010_task-regularity_run-1_desc-confounds_timeseries.json	6	15
/scratch/jsein/BIDS/EcritApp/derivatives/fmriprep/sub-010/func/sub-010_task-regularity_run-2_desc-confounds_timeseries.json	7	17
/scratch/jsein/BIDS/EcritApp/derivatives/fmriprep/sub-010/func/sub-010_task-regularity_run-3_desc-confounds_timeseries.json	10	15
/scratch/jsein/BIDS/EcritApp/derivatives/fmriprep/sub-010/func/sub-010_task-regularity_run-4_desc-confounds_timeseries.json	6	15
/scratch/jsein/BIDS/EcritApp/derivatives/fmriprep/sub-011/func/sub-011_task-localizer_desc-confounds_timeseries.json	9	24
/scratch/jsein/BIDS/EcritApp/derivatives/fmriprep/sub-011/func/sub-011_task-regularity_run-1_desc-confounds_timeseries.json	13	23
/scratch/jsein/BIDS/EcritApp/derivatives/fmriprep/sub-011/func/sub-011_task-regularity_run-2_desc-confounds_timeseries.json	19	25
/scratch/jsein/BIDS/EcritApp/derivatives/fmriprep/sub-011/func/sub-011_task-regularity_run-3_desc-confounds_timeseries.json	18	22
/scratch/jsein/BIDS/EcritApp/derivatives/fmriprep/sub-011/func/sub-011_task-regularity_run-4_desc-confounds_timeseries.json	13	22
/scratch/jsein/BIDS/EcritApp/derivatives/fmriprep/sub-012/func/sub-012_task-localizer_desc-confounds_timeseries.json	7	18
/scratch/jsein/BIDS/EcritApp/derivatives/fmriprep/sub-012/func/sub-012_task-regularity_run-1_desc-confounds_timeseries.json	14	19
/scratch/jsein/BIDS/EcritApp/derivatives/fmriprep/sub-012/func/sub-012_task-regularity_run-2_desc-confounds_timeseries.json	11	15
/scratch/jsein/BIDS/EcritApp/derivatives/fmriprep/sub-012/func/sub-012_task-regularity_run-3_desc-confounds_timeseries.json	19	20
/scratch/jsein/BIDS/EcritApp/derivatives/fmriprep/sub-012/func/sub-012_task-regularity_run-4_desc-confounds_timeseries.json	17	18
/scratch/jsein/BIDS/EcritApp/derivatives/fmriprep/sub-013/func/sub-013_task-localizer_desc-confounds_timeseries.json	4	18
/scratch/jsein/BIDS/EcritApp/derivatives/fmriprep/sub-013/func/sub-013_task-regularity_run-1_desc-confounds_timeseries.json	7	23
/scratch/jsein/BIDS/EcritApp/derivatives/fmriprep/sub-013/func/sub-013_task-regularity_run-2_desc-confounds_timeseries.json	9	25
/scratch/jsein/BIDS/EcritApp/derivatives/fmriprep/sub-013/func/sub-013_task-regularity_run-3_desc-confounds_timeseries.json	9	25
/scratch/jsein/BIDS/EcritApp/derivatives/fmriprep/sub-013/func/sub-013_task-regularity_run-4_desc-confounds_timeseries.json	11	26
/scratch/jsein/BIDS/EcritApp/derivatives/fmriprep/sub-014/func/sub-014_task-localizer_desc-confounds_timeseries.json	12	25
/scratch/jsein/BIDS/EcritApp/derivatives/fmriprep/sub-014/func/sub-014_task-regularity_run-1_desc-confounds_timeseries.json	16	35
/scratch/jsein/BIDS/EcritApp/derivatives/fmriprep/sub-014/func/sub-014_task-regularity_run-2_desc-confounds_timeseries.json	19	38
/scratch/jsein/BIDS/EcritApp/derivatives/fmriprep/sub-014/func/sub-014_task-regularity_run-3_desc-confounds_timeseries.json	18	36
/scratch/jsein/BIDS/EcritApp/derivatives/fmriprep/sub-014/func/sub-014_task-regularity_run-4_desc-confounds_timeseries.json	17	29
/scratch/jsein/BIDS/EcritApp/derivatives/fmriprep/sub-015/func/sub-015_task-localizer_desc-confounds_timeseries.json	1	20
/scratch/jsein/BIDS/EcritApp/derivatives/fmriprep/sub-015/func/sub-015_task-regularity_run-1_desc-confounds_timeseries.json	1	25
/scratch/jsein/BIDS/EcritApp/derivatives/fmriprep/sub-015/func/sub-015_task-regularity_run-2_desc-confounds_timeseries.json	1	26
/scratch/jsein/BIDS/EcritApp/derivatives/fmriprep/sub-015/func/sub-015_task-regularity_run-3_desc-confounds_timeseries.json	1	23
/scratch/jsein/BIDS/EcritApp/derivatives/fmriprep/sub-015/func/sub-015_task-regularity_run-4_desc-confounds_timeseries.json	3	31
/scratch/jsein/BIDS/EcritApp/derivatives/fmriprep/sub-016/func/sub-016_task-localizer_desc-confounds_timeseries.json	9	18
/scratch/jsein/BIDS/EcritApp/derivatives/fmriprep/sub-016/func/sub-016_task-regularity_run-1_desc-confounds_timeseries.json	7	20
/scratch/jsein/BIDS/EcritApp/derivatives/fmriprep/sub-016/func/sub-016_task-regularity_run-2_desc-confounds_timeseries.json	5	21
/scratch/jsein/BIDS/EcritApp/derivatives/fmriprep/sub-016/func/sub-016_task-regularity_run-3_desc-confounds_timeseries.json	5	21
/scratch/jsein/BIDS/EcritApp/derivatives/fmriprep/sub-016/func/sub-016_task-regularity_run-4_desc-confounds_timeseries.json	3	20
/scratch/jsein/BIDS/EcritApp/derivatives/fmriprep/sub-017/func/sub-017_task-localizer_desc-confounds_timeseries.json	3	23
/scratch/jsein/BIDS/EcritApp/derivatives/fmriprep/sub-017/func/sub-017_task-regularity_run-1_desc-confounds_timeseries.json	4	22
/scratch/jsein/BIDS/EcritApp/derivatives/fmriprep/sub-017/func/sub-017_task-regularity_run-2_desc-confounds_timeseries.json	7	26
/scratch/jsein/BIDS/EcritApp/derivatives/fmriprep/sub-017/func/sub-017_task-regularity_run-3_desc-confounds_timeseries.json	8	20
/scratch/jsein/BIDS/EcritApp/derivatives/fmriprep/sub-017/func/sub-017_task-regularity_run-4_desc-confounds_timeseries.json	10	25
/scratch/jsein/BIDS/EcritApp/derivatives/fmriprep/sub-018/func/sub-018_task-localizer_desc-confounds_timeseries.json	3	20
/scratch/jsein/BIDS/EcritApp/derivatives/fmriprep/sub-018/func/sub-018_task-regularity_run-1_desc-confounds_timeseries.json	9	28
/scratch/jsein/BIDS/EcritApp/derivatives/fmriprep/sub-018/func/sub-018_task-regularity_run-2_desc-confounds_timeseries.json	17	29
/scratch/jsein/BIDS/EcritApp/derivatives/fmriprep/sub-018/func/sub-018_task-regularity_run-3_desc-confounds_timeseries.json	21	25
/scratch/jsein/BIDS/EcritApp/derivatives/fmriprep/sub-018/func/sub-018_task-regularity_run-4_desc-confounds_timeseries.json	25	24
/scratch/jsein/BIDS/EcritApp/derivatives/fmriprep/sub-020/func/sub-020_task-localizer_desc-confounds_timeseries.json	11	22
/scratch/jsein/BIDS/EcritApp/derivatives/fmriprep/sub-020/func/sub-020_task-regularity_run-1_desc-confounds_timeseries.json	15	30
/scratch/jsein/BIDS/EcritApp/derivatives/fmriprep/sub-020/func/sub-020_task-regularity_run-2_desc-confounds_timeseries.json	13	29
/scratch/jsein/BIDS/EcritApp/derivatives/fmriprep/sub-020/func/sub-020_task-regularity_run-3_desc-confounds_timeseries.json	17	33
/scratch/jsein/BIDS/EcritApp/derivatives/fmriprep/sub-020/func/sub-020_task-regularity_run-4_desc-confounds_timeseries.json	17	33
/scratch/jsein/BIDS/EcritApp/derivatives/fmriprep/sub-021/func/sub-021_task-localizer_desc-confounds_timeseries.json	4	16
/scratch/jsein/BIDS/EcritApp/derivatives/fmriprep/sub-021/func/sub-021_task-regularity_run-1_desc-confounds_timeseries.json	10	19
/scratch/jsein/BIDS/EcritApp/derivatives/fmriprep/sub-021/func/sub-021_task-regularity_run-2_desc-confounds_timeseries.json	9	18
/scratch/jsein/BIDS/EcritApp/derivatives/fmriprep/sub-021/func/sub-021_task-regularity_run-3_desc-confounds_timeseries.json	8	19
/scratch/jsein/BIDS/EcritApp/derivatives/fmriprep/sub-021/func/sub-021_task-regularity_run-4_desc-confounds_timeseries.json	9	16
/scratch/jsein/BIDS/EcritApp/derivatives/fmriprep/sub-022/func/sub-022_task-localizer_desc-confounds_timeseries.json	9	24
/scratch/jsein/BIDS/EcritApp/derivatives/fmriprep/sub-022/func/sub-022_task-regularity_run-1_desc-confounds_timeseries.json	13	34
/scratch/jsein/BIDS/EcritApp/derivatives/fmriprep/sub-022/func/sub-022_task-regularity_run-2_desc-confounds_timeseries.json	16	36
/scratch/jsein/BIDS/EcritApp/derivatives/fmriprep/sub-022/func/sub-022_task-regularity_run-3_desc-confounds_timeseries.json	16	18
/scratch/jsein/BIDS/EcritApp/derivatives/fmriprep/sub-022/func/sub-022_task-regularity_run-4_desc-confounds_timeseries.json	15	22
/scratch/jsein/BIDS/EcritApp/derivatives/fmriprep/sub-023/func/sub-023_task-localizer_desc-confounds_timeseries.json	16	19
/scratch/jsein/BIDS/EcritApp/derivatives/fmriprep/sub-023/func/sub-023_task-regularity_run-1_desc-confounds_timeseries.json	25	19
/scratch/jsein/BIDS/EcritApp/derivatives/fmriprep/sub-023/func/sub-023_task-regularity_run-2_desc-confounds_timeseries.json	16	18
/scratch/jsein/BIDS/EcritApp/derivatives/fmriprep/sub-023/func/sub-023_task-regularity_run-3_desc-confounds_timeseries.json	21	19
/scratch/jsein/BIDS/EcritApp/derivatives/fmriprep/sub-023/func/sub-023_task-regularity_run-4_desc-confounds_timeseries.json	19	17
/scratch/jsein/BIDS/EcritApp/derivatives/fmriprep/sub-024/func/sub-024_task-localizer_desc-confounds_timeseries.json	3	17
/scratch/jsein/BIDS/EcritApp/derivatives/fmriprep/sub-024/func/sub-024_task-regularity_run-1_desc-confounds_timeseries.json	15	25
/scratch/jsein/BIDS/EcritApp/derivatives/fmriprep/sub-024/func/sub-024_task-regularity_run-2_desc-confounds_timeseries.json	12	19
/scratch/jsein/BIDS/EcritApp/derivatives/fmriprep/sub-025/func/sub-025_task-localizer_desc-confounds_timeseries.json	1	14
/scratch/jsein/BIDS/EcritApp/derivatives/fmriprep/sub-025/func/sub-025_task-regularity_run-1_desc-confounds_timeseries.json	4	15
/scratch/jsein/BIDS/EcritApp/derivatives/fmriprep/sub-025/func/sub-025_task-regularity_run-2_desc-confounds_timeseries.json	3	15
/scratch/jsein/BIDS/EcritApp/derivatives/fmriprep/sub-025/func/sub-025_task-regularity_run-3_desc-confounds_timeseries.json	3	16
/scratch/jsein/BIDS/EcritApp/derivatives/fmriprep/sub-025/func/sub-025_task-regularity_run-4_desc-confounds_timeseries.json	8	17
/scratch/jsein/BIDS/EcritApp/derivatives/fmriprep/sub-031/func/sub-031_task-localizer_desc-confounds_timeseries.json	2	26
/scratch/jsein/BIDS/EcritApp/derivatives/fmriprep/sub-031/func/sub-031_task-regularity_run-1_desc-confounds_timeseries.json	3	25
/scratch/jsein/BIDS/EcritApp/derivatives/fmriprep/sub-031/func/sub-031_task-regularity_run-2_desc-confounds_timeseries.json	5	23
/scratch/jsein/BIDS/EcritApp/derivatives/fmriprep/sub-031/func/sub-031_task-regularity_run-3_desc-confounds_timeseries.json	5	23
/scratch/jsein/BIDS/EcritApp/derivatives/fmriprep/sub-031/func/sub-031_task-regularity_run-4_desc-confounds_timeseries.json	5	26
/scratch/jsein/BIDS/EcritApp/derivatives/fmriprep/sub-032/func/sub-032_task-localizer_desc-confounds_timeseries.json	105	18
/scratch/jsein/BIDS/EcritApp/derivatives/fmriprep/sub-032/func/sub-032_task-regularity_run-1_desc-confounds_timeseries.json	2	14
/scratch/jsein/BIDS/EcritApp/derivatives/fmriprep/sub-032/func/sub-032_task-regularity_run-2_desc-confounds_timeseries.json	6	17
/scratch/jsein/BIDS/EcritApp/derivatives/fmriprep/sub-032/func/sub-032_task-regularity_run-3_desc-confounds_timeseries.json	9	16
/scratch/jsein/BIDS/EcritApp/derivatives/fmriprep/sub-032/func/sub-032_task-regularity_run-4_desc-confounds_timeseries.json	8	19
/scratch/jsein/BIDS/EcritApp/derivatives/fmriprep/sub-033/func/sub-033_task-localizer_desc-confounds_timeseries.json	1	19
/scratch/jsein/BIDS/EcritApp/derivatives/fmriprep/sub-033/func/sub-033_task-regularity_run-1_desc-confounds_timeseries.json	1	25
/scratch/jsein/BIDS/EcritApp/derivatives/fmriprep/sub-033/func/sub-033_task-regularity_run-2_desc-confounds_timeseries.json	1	27
/scratch/jsein/BIDS/EcritApp/derivatives/fmriprep/sub-033/func/sub-033_task-regularity_run-3_desc-confounds_timeseries.json	1	26
/scratch/jsein/BIDS/EcritApp/derivatives/fmriprep/sub-033/func/sub-033_task-regularity_run-4_desc-confounds_timeseries.json	2	29
/scratch/jsein/BIDS/EcritApp/derivatives/fmriprep/sub-034/func/sub-034_task-localizer_desc-confounds_timeseries.json	7	21
/scratch/jsein/BIDS/EcritApp/derivatives/fmriprep/sub-034/func/sub-034_task-regularity_run-1_desc-confounds_timeseries.json	48	28
/scratch/jsein/BIDS/EcritApp/derivatives/fmriprep/sub-034/func/sub-034_task-regularity_run-2_desc-confounds_timeseries.json	21	28
/scratch/jsein/BIDS/EcritApp/derivatives/fmriprep/sub-034/func/sub-034_task-regularity_run-3_desc-confounds_timeseries.json	23	27
/scratch/jsein/BIDS/EcritApp/derivatives/fmriprep/sub-034/func/sub-034_task-regularity_run-4_desc-confounds_timeseries.json	20	26
/scratch/jsein/BIDS/EcritApp/derivatives/fmriprep/sub-035/func/sub-035_task-localizer_desc-confounds_timeseries.json	1	16
/scratch/jsein/BIDS/EcritApp/derivatives/fmriprep/sub-035/func/sub-035_task-regularity_run-1_desc-confounds_timeseries.json	6	16
/scratch/jsein/BIDS/EcritApp/derivatives/fmriprep/sub-035/func/sub-035_task-regularity_run-2_desc-confounds_timeseries.json	4	17
/scratch/jsein/BIDS/EcritApp/derivatives/fmriprep/sub-035/func/sub-035_task-regularity_run-3_desc-confounds_timeseries.json	6	16
/scratch/jsein/BIDS/EcritApp/derivatives/fmriprep/sub-035/func/sub-035_task-regularity_run-4_desc-confounds_timeseries.json	5	14
/scratch/jsein/BIDS/EcritApp/derivatives/fmriprep/sub-036/func/sub-036_task-localizer_desc-confounds_timeseries.json	2	21
/scratch/jsein/BIDS/EcritApp/derivatives/fmriprep/sub-036/func/sub-036_task-regularity_run-2_desc-confounds_timeseries.json	5	23
/scratch/jsein/BIDS/EcritApp/derivatives/fmriprep/sub-036/func/sub-036_task-regularity_run-3_desc-confounds_timeseries.json	5	23
/scratch/jsein/BIDS/EcritApp/derivatives/fmriprep/sub-036/func/sub-036_task-regularity_run-4_desc-confounds_timeseries.json	3	21
/scratch/jsein/BIDS/EcritApp/derivatives/fmriprep/sub-037/func/sub-037_task-regularity_run-1_desc-confounds_timeseries.json	0	28
/scratch/jsein/BIDS/EcritApp/derivatives/fmriprep/sub-037/func/sub-037_task-regularity_run-2_desc-confounds_timeseries.json	0	31
/scratch/jsein/BIDS/EcritApp/derivatives/fmriprep/sub-037/func/sub-037_task-regularity_run-3_desc-confounds_timeseries.json	0	33
/scratch/jsein/BIDS/EcritApp/derivatives/fmriprep/sub-038/func/sub-038_task-localizer_desc-confounds_timeseries.json	2	20
/scratch/jsein/BIDS/EcritApp/derivatives/fmriprep/sub-038/func/sub-038_task-regularity_run-1_desc-confounds_timeseries.json	5	23
/scratch/jsein/BIDS/EcritApp/derivatives/fmriprep/sub-038/func/sub-038_task-regularity_run-2_desc-confounds_timeseries.json	4	23
/scratch/jsein/BIDS/EcritApp/derivatives/fmriprep/sub-038/func/sub-038_task-regularity_run-3_desc-confounds_timeseries.json	3	23
/scratch/jsein/BIDS/EcritApp/derivatives/fmriprep/sub-038/func/sub-038_task-regularity_run-4_desc-confounds_timeseries.json	3	25
/scratch/jsein/BIDS/EcritApp/derivatives/fmriprep/sub-039/func/sub-039_task-localizer_desc-confounds_timeseries.json	2	20
/scratch/jsein/BIDS/EcritApp/derivatives/fmriprep/sub-039/func/sub-039_task-regularity_run-1_desc-confounds_timeseries.json	2	28
/scratch/jsein/BIDS/EcritApp/derivatives/fmriprep/sub-039/func/sub-039_task-regularity_run-2_desc-confounds_timeseries.json	4	27
/scratch/jsein/BIDS/EcritApp/derivatives/fmriprep/sub-039/func/sub-039_task-regularity_run-3_desc-confounds_timeseries.json	5	29
/scratch/jsein/BIDS/EcritApp/derivatives/fmriprep/sub-039/func/sub-039_task-regularity_run-4_desc-confounds_timeseries.json	7	27
/scratch/jsein/BIDS/EcritApp/derivatives/fmriprep/sub-040/func/sub-040_task-localizer_desc-confounds_timeseries.json	1	20
/scratch/jsein/BIDS/EcritApp/derivatives/fmriprep/sub-040/func/sub-040_task-regularity_run-1_desc-confounds_timeseries.json	4	18
/scratch/jsein/BIDS/EcritApp/derivatives/fmriprep/sub-040/func/sub-040_task-regularity_run-2_desc-confounds_timeseries.json	4	18
/scratch/jsein/BIDS/EcritApp/derivatives/fmriprep/sub-040/func/sub-040_task-regularity_run-3_desc-confounds_timeseries.json	3	19
/scratch/jsein/BIDS/EcritApp/derivatives/fmriprep/sub-040/func/sub-040_task-regularity_run-4_desc-confounds_timeseries.json	6	16
/scratch/jsein/BIDS/EcritApp/derivatives/fmriprep/sub-041/func/sub-041_task-localizer_desc-confounds_timeseries.json	1	15
/scratch/jsein/BIDS/EcritApp/derivatives/fmriprep/sub-041/func/sub-041_task-regularity_run-1_desc-confounds_timeseries.json	1	15
/scratch/jsein/BIDS/EcritApp/derivatives/fmriprep/sub-041/func/sub-041_task-regularity_run-2_desc-confounds_timeseries.json	1	17
/scratch/jsein/BIDS/EcritApp/derivatives/fmriprep/sub-041/func/sub-041_task-regularity_run-3_desc-confounds_timeseries.json	3	17
/scratch/jsein/BIDS/EcritApp/derivatives/fmriprep/sub-041/func/sub-041_task-regularity_run-4_desc-confounds_timeseries.json	1	18
/scratch/jsein/BIDS/EcritApp/derivatives/fmriprep/sub-042/func/sub-042_task-localizer_desc-confounds_timeseries.json	8	24
/scratch/jsein/BIDS/EcritApp/derivatives/fmriprep/sub-042/func/sub-042_task-regularity_run-1_desc-confounds_timeseries.json	14	33
/scratch/jsein/BIDS/EcritApp/derivatives/fmriprep/sub-042/func/sub-042_task-regularity_run-2_desc-confounds_timeseries.json	14	27
/scratch/jsein/BIDS/EcritApp/derivatives/fmriprep/sub-042/func/sub-042_task-regularity_run-3_desc-confounds_timeseries.json	15	31
/scratch/jsein/BIDS/EcritApp/derivatives/fmriprep/sub-042/func/sub-042_task-regularity_run-4_desc-confounds_timeseries.json	18	35
/scratch/jsein/BIDS/EcritApp/derivatives/fmriprep/sub-043/func/sub-043_task-localizer_desc-confounds_timeseries.json	5	23
/scratch/jsein/BIDS/EcritApp/derivatives/fmriprep/sub-043/func/sub-043_task-regularity_run-1_desc-confounds_timeseries.json	4	18
/scratch/jsein/BIDS/EcritApp/derivatives/fmriprep/sub-043/func/sub-043_task-regularity_run-2_desc-confounds_timeseries.json	8	23
/scratch/jsein/BIDS/EcritApp/derivatives/fmriprep/sub-043/func/sub-043_task-regularity_run-3_desc-confounds_timeseries.json	12	23
/scratch/jsein/BIDS/EcritApp/derivatives/fmriprep/sub-043/func/sub-043_task-regularity_run-4_desc-confounds_timeseries.json	14	24
/scratch/jsein/BIDS/EcritApp/derivatives/fmriprep/sub-044/func/sub-044_task-localizer_desc-confounds_timeseries.json	1	21
/scratch/jsein/BIDS/EcritApp/derivatives/fmriprep/sub-044/func/sub-044_task-regularity_run-1_desc-confounds_timeseries.json	1	18
/scratch/jsein/BIDS/EcritApp/derivatives/fmriprep/sub-044/func/sub-044_task-regularity_run-2_desc-confounds_timeseries.json	0	15
/scratch/jsein/BIDS/EcritApp/derivatives/fmriprep/sub-044/func/sub-044_task-regularity_run-3_desc-confounds_timeseries.json	0	18
/scratch/jsein/BIDS/EcritApp/derivatives/fmriprep/sub-044/func/sub-044_task-regularity_run-4_desc-confounds_timeseries.json	1	15
/scratch/jsein/BIDS/EcritApp/derivatives/fmriprep/sub-045/func/sub-045_task-localizer_desc-confounds_timeseries.json	2	17
/scratch/jsein/BIDS/EcritApp/derivatives/fmriprep/sub-045/func/sub-045_task-regularity_run-1_desc-confounds_timeseries.json	3	17
/scratch/jsein/BIDS/EcritApp/derivatives/fmriprep/sub-045/func/sub-045_task-regularity_run-2_desc-confounds_timeseries.json	4	16
/scratch/jsein/BIDS/EcritApp/derivatives/fmriprep/sub-045/func/sub-045_task-regularity_run-3_desc-confounds_timeseries.json	2	18
/scratch/jsein/BIDS/EcritApp/derivatives/fmriprep/sub-045/func/sub-045_task-regularity_run-4_desc-confounds_timeseries.json	3	19
/scratch/jsein/BIDS/EcritApp/derivatives/fmriprep/sub-046/func/sub-046_task-localizer_desc-confounds_timeseries.json	3	17
/scratch/jsein/BIDS/EcritApp/derivatives/fmriprep/sub-046/func/sub-046_task-regularity_run-1_desc-confounds_timeseries.json	10	29
/scratch/jsein/BIDS/EcritApp/derivatives/fmriprep/sub-046/func/sub-046_task-regularity_run-2_desc-confounds_timeseries.json	12	28
/scratch/jsein/BIDS/EcritApp/derivatives/fmriprep/sub-046/func/sub-046_task-regularity_run-3_desc-confounds_timeseries.json	13	27
/scratch/jsein/BIDS/EcritApp/derivatives/fmriprep/sub-046/func/sub-046_task-regularity_run-4_desc-confounds_timeseries.json	15	31
/scratch/jsein/BIDS/EcritApp/derivatives/fmriprep/sub-047/func/sub-047_task-localizer_desc-confounds_timeseries.json	11	24
/scratch/jsein/BIDS/EcritApp/derivatives/fmriprep/sub-047/func/sub-047_task-regularity_run-1_desc-confounds_timeseries.json	13	21
/scratch/jsein/BIDS/EcritApp/derivatives/fmriprep/sub-047/func/sub-047_task-regularity_run-2_desc-confounds_timeseries.json	14	24
/scratch/jsein/BIDS/EcritApp/derivatives/fmriprep/sub-047/func/sub-047_task-regularity_run-3_desc-confounds_timeseries.json	5	21
/scratch/jsein/BIDS/EcritApp/derivatives/fmriprep/sub-048/func/sub-048_task-localizer_desc-confounds_timeseries.json	3	21
/scratch/jsein/BIDS/EcritApp/derivatives/fmriprep/sub-048/func/sub-048_task-regularity_run-1_desc-confounds_timeseries.json	8	20
/scratch/jsein/BIDS/EcritApp/derivatives/fmriprep/sub-048/func/sub-048_task-regularity_run-2_desc-confounds_timeseries.json	8	23
/scratch/jsein/BIDS/EcritApp/derivatives/fmriprep/sub-048/func/sub-048_task-regularity_run-3_desc-confounds_timeseries.json	11	21
/scratch/jsein/BIDS/EcritApp/derivatives/fmriprep/sub-048/func/sub-048_task-regularity_run-4_desc-confounds_timeseries.json	12	17
/scratch/jsein/BIDS/EcritApp/derivatives/fmriprep/sub-049/func/sub-049_task-localizer_desc-confounds_timeseries.json	10	23
/scratch/jsein/BIDS/EcritApp/derivatives/fmriprep/sub-049/func/sub-049_task-regularity_run-1_desc-confounds_timeseries.json	15	31
/scratch/jsein/BIDS/EcritApp/derivatives/fmriprep/sub-049/func/sub-049_task-regularity_run-2_desc-confounds_timeseries.json	15	30
/scratch/jsein/BIDS/EcritApp/derivatives/fmriprep/sub-049/func/sub-049_task-regularity_run-3_desc-confounds_timeseries.json	15	30
/scratch/jsein/BIDS/EcritApp/derivatives/fmriprep/sub-049/func/sub-049_task-regularity_run-4_desc-confounds_timeseries.json	15	32
/scratch/jsein/BIDS/EcritApp/derivatives/fmriprep/sub-050/func/sub-050_task-localizer_desc-confounds_timeseries.json	5	20
/scratch/jsein/BIDS/EcritApp/derivatives/fmriprep/sub-050/func/sub-050_task-regularity_run-1_desc-confounds_timeseries.json	7	21
/scratch/jsein/BIDS/EcritApp/derivatives/fmriprep/sub-050/func/sub-050_task-regularity_run-2_desc-confounds_timeseries.json	7	19
/scratch/jsein/BIDS/EcritApp/derivatives/fmriprep/sub-050/func/sub-050_task-regularity_run-3_desc-confounds_timeseries.json	6	16
/scratch/jsein/BIDS/EcritApp/derivatives/fmriprep/sub-050/func/sub-050_task-regularity_run-4_desc-confounds_timeseries.json	6	15
/scratch/jsein/BIDS/EcritApp/derivatives/fmriprep/sub-051/func/sub-051_task-localizer_desc-confounds_timeseries.json	4	21
/scratch/jsein/BIDS/EcritApp/derivatives/fmriprep/sub-051/func/sub-051_task-regularity_run-1_desc-confounds_timeseries.json	10	24
/scratch/jsein/BIDS/EcritApp/derivatives/fmriprep/sub-051/func/sub-051_task-regularity_run-2_desc-confounds_timeseries.json	11	30
/scratch/jsein/BIDS/EcritApp/derivatives/fmriprep/sub-051/func/sub-051_task-regularity_run-3_desc-confounds_timeseries.json	20	33
/scratch/jsein/BIDS/EcritApp/derivatives/fmriprep/sub-051/func/sub-051_task-regularity_run-4_desc-confounds_timeseries.json	18	30
/scratch/jsein/BIDS/EcritApp/derivatives/fmriprep/sub-052/func/sub-052_task-localizer_desc-confounds_timeseries.json	1	17
/scratch/jsein/BIDS/EcritApp/derivatives/fmriprep/sub-052/func/sub-052_task-regularity_run-1_desc-confounds_timeseries.json	1	13
/scratch/jsein/BIDS/EcritApp/derivatives/fmriprep/sub-052/func/sub-052_task-regularity_run-2_desc-confounds_timeseries.json	1	14
/scratch/jsein/BIDS/EcritApp/derivatives/fmriprep/sub-052/func/sub-052_task-regularity_run-3_desc-confounds_timeseries.json	2	13
/scratch/jsein/BIDS/EcritApp/derivatives/fmriprep/sub-052/func/sub-052_task-regularity_run-4_desc-confounds_timeseries.json	1	16
/scratch/jsein/BIDS/EcritApp/derivatives/fmriprep/sub-054/func/sub-054_task-localizer_desc-confounds_timeseries.json	13	21
/scratch/jsein/BIDS/EcritApp/derivatives/fmriprep/sub-054/func/sub-054_task-regularity_run-1_desc-confounds_timeseries.json	11	18
/scratch/jsein/BIDS/EcritApp/derivatives/fmriprep/sub-054/func/sub-054_task-regularity_run-2_desc-confounds_timeseries.json	8	20
/scratch/jsein/BIDS/EcritApp/derivatives/fmriprep/sub-054/func/sub-054_task-regularity_run-3_desc-confounds_timeseries.json	7	19
/scratch/jsein/BIDS/EcritApp/derivatives/fmriprep/sub-054/func/sub-054_task-regularity_run-4_desc-confounds_timeseries.json	7	18
/scratch/jsein/BIDS/EcritApp/derivatives/fmriprep/sub-055/func/sub-055_task-localizer_desc-confounds_timeseries.json	9	22
/scratch/jsein/BIDS/EcritApp/derivatives/fmriprep/sub-055/func/sub-055_task-regularity_run-1_desc-confounds_timeseries.json	12	24
/scratch/jsein/BIDS/EcritApp/derivatives/fmriprep/sub-055/func/sub-055_task-regularity_run-2_desc-confounds_timeseries.json	20	34
/scratch/jsein/BIDS/EcritApp/derivatives/fmriprep/sub-056/func/sub-056_task-localizer_desc-confounds_timeseries.json	5	17
/scratch/jsein/BIDS/EcritApp/derivatives/fmriprep/sub-056/func/sub-056_task-regularity_run-1_desc-confounds_timeseries.json	10	18
/scratch/jsein/BIDS/EcritApp/derivatives/fmriprep/sub-056/func/sub-056_task-regularity_run-2_desc-confounds_timeseries.json	9	19
/scratch/jsein/BIDS/EcritApp/derivatives/fmriprep/sub-056/func/sub-056_task-regularity_run-3_desc-confounds_timeseries.json	10	18
/scratch/jsein/BIDS/EcritApp/derivatives/fmriprep/sub-056/func/sub-056_task-regularity_run-4_desc-confounds_timeseries.json	12	20
/scratch/jsein/BIDS/EcritApp/derivatives/fmriprep/sub-057/func/sub-057_task-localizer_desc-confounds_timeseries.json	5	20
/scratch/jsein/BIDS/EcritApp/derivatives/fmriprep/sub-057/func/sub-057_task-regularity_run-1_desc-confounds_timeseries.json	4	26
/scratch/jsein/BIDS/EcritApp/derivatives/fmriprep/sub-057/func/sub-057_task-regularity_run-2_desc-confounds_timeseries.json	8	27
/scratch/jsein/BIDS/EcritApp/derivatives/fmriprep/sub-057/func/sub-057_task-regularity_run-3_desc-confounds_timeseries.json	7	30
/scratch/jsein/BIDS/EcritApp/derivatives/fmriprep/sub-061/func/sub-061_task-localizer_desc-confounds_timeseries.json	1	13
/scratch/jsein/BIDS/EcritApp/derivatives/fmriprep/sub-061/func/sub-061_task-regularity_run-1_desc-confounds_timeseries.json	0	18
/scratch/jsein/BIDS/EcritApp/derivatives/fmriprep/sub-061/func/sub-061_task-regularity_run-2_desc-confounds_timeseries.json	1	18
/scratch/jsein/BIDS/EcritApp/derivatives/fmriprep/sub-061/func/sub-061_task-regularity_run-3_desc-confounds_timeseries.json	0	17
/scratch/jsein/BIDS/EcritApp/derivatives/fmriprep/sub-061/func/sub-061_task-regularity_run-4_desc-confounds_timeseries.json	1	18
/scratch/jsein/BIDS/EcritApp/derivatives/fmriprep/sub-062/func/sub-062_task-localizer_desc-confounds_timeseries.json	0	16
/scratch/jsein/BIDS/EcritApp/derivatives/fmriprep/sub-062/func/sub-062_task-regularity_run-1_desc-confounds_timeseries.json	1	18
/scratch/jsein/BIDS/EcritApp/derivatives/fmriprep/sub-062/func/sub-062_task-regularity_run-2_desc-confounds_timeseries.json	1	17
/scratch/jsein/BIDS/EcritApp/derivatives/fmriprep/sub-062/func/sub-062_task-regularity_run-3_desc-confounds_timeseries.json	1	16
/scratch/jsein/BIDS/EcritApp/derivatives/fmriprep/sub-062/func/sub-062_task-regularity_run-4_desc-confounds_timeseries.json	1	18
/scratch/jsein/BIDS/EcritApp/derivatives/fmriprep/sub-063/func/sub-063_task-localizer_desc-confounds_timeseries.json	1	19
/scratch/jsein/BIDS/EcritApp/derivatives/fmriprep/sub-063/func/sub-063_task-regularity_run-1_desc-confounds_timeseries.json	1	17
/scratch/jsein/BIDS/EcritApp/derivatives/fmriprep/sub-063/func/sub-063_task-regularity_run-2_desc-confounds_timeseries.json	1	18
/scratch/jsein/BIDS/EcritApp/derivatives/fmriprep/sub-063/func/sub-063_task-regularity_run-3_desc-confounds_timeseries.json	1	22
/scratch/jsein/BIDS/EcritApp/derivatives/fmriprep/sub-063/func/sub-063_task-regularity_run-4_desc-confounds_timeseries.json	1	21
/scratch/jsein/BIDS/EcritApp/derivatives/fmriprep/sub-064/func/sub-064_task-localizer_desc-confounds_timeseries.json	1	13
/scratch/jsein/BIDS/EcritApp/derivatives/fmriprep/sub-064/func/sub-064_task-regularity_run-1_desc-confounds_timeseries.json	1	22
/scratch/jsein/BIDS/EcritApp/derivatives/fmriprep/sub-064/func/sub-064_task-regularity_run-2_desc-confounds_timeseries.json	0	20
/scratch/jsein/BIDS/EcritApp/derivatives/fmriprep/sub-064/func/sub-064_task-regularity_run-3_desc-confounds_timeseries.json	1	22
/scratch/jsein/BIDS/EcritApp/derivatives/fmriprep/sub-064/func/sub-064_task-regularity_run-4_desc-confounds_timeseries.json	0	17
/scratch/jsein/BIDS/EcritApp/derivatives/fmriprep/sub-065/func/sub-065_task-localizer_desc-confounds_timeseries.json	1	16
/scratch/jsein/BIDS/EcritApp/derivatives/fmriprep/sub-065/func/sub-065_task-regularity_run-1_desc-confounds_timeseries.json	1	19
/scratch/jsein/BIDS/EcritApp/derivatives/fmriprep/sub-065/func/sub-065_task-regularity_run-2_desc-confounds_timeseries.json	1	19
/scratch/jsein/BIDS/EcritApp/derivatives/fmriprep/sub-065/func/sub-065_task-regularity_run-3_desc-confounds_timeseries.json	1	17
/scratch/jsein/BIDS/EcritApp/derivatives/fmriprep/sub-065/func/sub-065_task-regularity_run-4_desc-confounds_timeseries.json	0	18
/scratch/jsein/BIDS/EcritApp/derivatives/fmriprep/sub-066/func/sub-066_task-localizer_desc-confounds_timeseries.json	0	11
/scratch/jsein/BIDS/EcritApp/derivatives/fmriprep/sub-066/func/sub-066_task-regularity_run-1_desc-confounds_timeseries.json	0	10
/scratch/jsein/BIDS/EcritApp/derivatives/fmriprep/sub-066/func/sub-066_task-regularity_run-2_desc-confounds_timeseries.json	0	10
/scratch/jsein/BIDS/EcritApp/derivatives/fmriprep/sub-066/func/sub-066_task-regularity_run-3_desc-confounds_timeseries.json	1	13
/scratch/jsein/BIDS/EcritApp/derivatives/fmriprep/sub-066/func/sub-066_task-regularity_run-4_desc-confounds_timeseries.json	0	12
/scratch/jsein/BIDS/EcritApp/derivatives/fmriprep/sub-067/func/sub-067_task-localizer_desc-confounds_timeseries.json	1	16
/scratch/jsein/BIDS/EcritApp/derivatives/fmriprep/sub-067/func/sub-067_task-regularity_run-1_desc-confounds_timeseries.json	0	21
/scratch/jsein/BIDS/EcritApp/derivatives/fmriprep/sub-067/func/sub-067_task-regularity_run-2_desc-confounds_timeseries.json	5	22
/scratch/jsein/BIDS/EcritApp/derivatives/fmriprep/sub-067/func/sub-067_task-regularity_run-3_desc-confounds_timeseries.json	1	19
/scratch/jsein/BIDS/EcritApp/derivatives/fmriprep/sub-067/func/sub-067_task-regularity_run-4_desc-confounds_timeseries.json	2	17
/scratch/jsein/BIDS/EcritApp/derivatives/fmriprep/sub-068/func/sub-068_task-localizer_desc-confounds_timeseries.json	0	17
/scratch/jsein/BIDS/EcritApp/derivatives/fmriprep/sub-068/func/sub-068_task-regularity_run-1_desc-confounds_timeseries.json	0	16
/scratch/jsein/BIDS/EcritApp/derivatives/fmriprep/sub-068/func/sub-068_task-regularity_run-2_desc-confounds_timeseries.json	0	14
/scratch/jsein/BIDS/EcritApp/derivatives/fmriprep/sub-068/func/sub-068_task-regularity_run-3_desc-confounds_timeseries.json	1	14
/scratch/jsein/BIDS/EcritApp/derivatives/fmriprep/sub-068/func/sub-068_task-regularity_run-4_desc-confounds_timeseries.json	1	16
/scratch/jsein/BIDS/EcritApp/derivatives/fmriprep/sub-069/func/sub-069_task-localizer_desc-confounds_timeseries.json	1	16
/scratch/jsein/BIDS/EcritApp/derivatives/fmriprep/sub-069/func/sub-069_task-regularity_run-1_desc-confounds_timeseries.json	1	18
/scratch/jsein/BIDS/EcritApp/derivatives/fmriprep/sub-069/func/sub-069_task-regularity_run-2_desc-confounds_timeseries.json	1	20
/scratch/jsein/BIDS/EcritApp/derivatives/fmriprep/sub-069/func/sub-069_task-regularity_run-3_desc-confounds_timeseries.json	1	19
/scratch/jsein/BIDS/EcritApp/derivatives/fmriprep/sub-069/func/sub-069_task-regularity_run-4_desc-confounds_timeseries.json	2	22
/scratch/jsein/BIDS/EcritApp/derivatives/fmriprep/sub-070/func/sub-070_task-localizer_desc-confounds_timeseries.json	0	14
/scratch/jsein/BIDS/EcritApp/derivatives/fmriprep/sub-070/func/sub-070_task-regularity_run-1_desc-confounds_timeseries.json	1	20
/scratch/jsein/BIDS/EcritApp/derivatives/fmriprep/sub-070/func/sub-070_task-regularity_run-2_desc-confounds_timeseries.json	0	22
/scratch/jsein/BIDS/EcritApp/derivatives/fmriprep/sub-070/func/sub-070_task-regularity_run-3_desc-confounds_timeseries.json	0	18
/scratch/jsein/BIDS/EcritApp/derivatives/fmriprep/sub-070/func/sub-070_task-regularity_run-4_desc-confounds_timeseries.json	0	18
/scratch/jsein/BIDS/EcritApp/derivatives/fmriprep/sub-071/func/sub-071_task-localizer_desc-confounds_timeseries.json	2	16
/scratch/jsein/BIDS/EcritApp/derivatives/fmriprep/sub-071/func/sub-071_task-regularity_run-1_desc-confounds_timeseries.json	2	14
/scratch/jsein/BIDS/EcritApp/derivatives/fmriprep/sub-071/func/sub-071_task-regularity_run-2_desc-confounds_timeseries.json	1	14
/scratch/jsein/BIDS/EcritApp/derivatives/fmriprep/sub-071/func/sub-071_task-regularity_run-3_desc-confounds_timeseries.json	1	14
/scratch/jsein/BIDS/EcritApp/derivatives/fmriprep/sub-071/func/sub-071_task-regularity_run-4_desc-confounds_timeseries.json	1	14
/scratch/jsein/BIDS/EcritApp/derivatives/fmriprep/sub-072/func/sub-072_task-localizer_desc-confounds_timeseries.json	0	18
/scratch/jsein/BIDS/EcritApp/derivatives/fmriprep/sub-072/func/sub-072_task-regularity_run-1_desc-confounds_timeseries.json	0	21
/scratch/jsein/BIDS/EcritApp/derivatives/fmriprep/sub-072/func/sub-072_task-regularity_run-2_desc-confounds_timeseries.json	0	22
/scratch/jsein/BIDS/EcritApp/derivatives/fmriprep/sub-072/func/sub-072_task-regularity_run-3_desc-confounds_timeseries.json	0	22
/scratch/jsein/BIDS/EcritApp/derivatives/fmriprep/sub-072/func/sub-072_task-regularity_run-4_desc-confounds_timeseries.json	1	23
/scratch/jsein/BIDS/EcritApp/derivatives/fmriprep/sub-073/func/sub-073_task-localizer_desc-confounds_timeseries.json	1	20
/scratch/jsein/BIDS/EcritApp/derivatives/fmriprep/sub-073/func/sub-073_task-regularity_run-1_desc-confounds_timeseries.json	0	19
/scratch/jsein/BIDS/EcritApp/derivatives/fmriprep/sub-073/func/sub-073_task-regularity_run-2_desc-confounds_timeseries.json	0	21
/scratch/jsein/BIDS/EcritApp/derivatives/fmriprep/sub-073/func/sub-073_task-regularity_run-3_desc-confounds_timeseries.json	1	20
/scratch/jsein/BIDS/EcritApp/derivatives/fmriprep/sub-073/func/sub-073_task-regularity_run-4_desc-confounds_timeseries.json	1	23
/scratch/jsein/BIDS/EcritApp/derivatives/fmriprep/sub-074/func/sub-074_task-localizer_desc-confounds_timeseries.json	1	13
/scratch/jsein/BIDS/EcritApp/derivatives/fmriprep/sub-074/func/sub-074_task-regularity_run-1_desc-confounds_timeseries.json	1	16
/scratch/jsein/BIDS/EcritApp/derivatives/fmriprep/sub-074/func/sub-074_task-regularity_run-2_desc-confounds_timeseries.json	0	15
/scratch/jsein/BIDS/EcritApp/derivatives/fmriprep/sub-074/func/sub-074_task-regularity_run-3_desc-confounds_timeseries.json	0	17
/scratch/jsein/BIDS/EcritApp/derivatives/fmriprep/sub-074/func/sub-074_task-regularity_run-4_desc-confounds_timeseries.json	0	25
/scratch/jsein/BIDS/EcritApp/derivatives/fmriprep/sub-075/func/sub-075_task-localizer_desc-confounds_timeseries.json	3	15
/scratch/jsein/BIDS/EcritApp/derivatives/fmriprep/sub-075/func/sub-075_task-regularity_run-1_desc-confounds_timeseries.json	1	16
/scratch/jsein/BIDS/EcritApp/derivatives/fmriprep/sub-075/func/sub-075_task-regularity_run-2_desc-confounds_timeseries.json	1	12
/scratch/jsein/BIDS/EcritApp/derivatives/fmriprep/sub-075/func/sub-075_task-regularity_run-3_desc-confounds_timeseries.json	1	14
/scratch/jsein/BIDS/EcritApp/derivatives/fmriprep/sub-075/func/sub-075_task-regularity_run-4_desc-confounds_timeseries.json	3	17
/scratch/jsein/BIDS/EcritApp/derivatives/fmriprep/sub-076/func/sub-076_task-localizer_desc-confounds_timeseries.json	1	14
/scratch/jsein/BIDS/EcritApp/derivatives/fmriprep/sub-076/func/sub-076_task-regularity_run-1_desc-confounds_timeseries.json	1	17
/scratch/jsein/BIDS/EcritApp/derivatives/fmriprep/sub-076/func/sub-076_task-regularity_run-2_desc-confounds_timeseries.json	0	18
/scratch/jsein/BIDS/EcritApp/derivatives/fmriprep/sub-076/func/sub-076_task-regularity_run-3_desc-confounds_timeseries.json	0	19
/scratch/jsein/BIDS/EcritApp/derivatives/fmriprep/sub-076/func/sub-076_task-regularity_run-4_desc-confounds_timeseries.json	0	20
/scratch/jsein/BIDS/EcritApp/derivatives/fmriprep/sub-077/func/sub-077_task-localizer_desc-confounds_timeseries.json	2	19
/scratch/jsein/BIDS/EcritApp/derivatives/fmriprep/sub-077/func/sub-077_task-regularity_run-1_desc-confounds_timeseries.json	2	19
/scratch/jsein/BIDS/EcritApp/derivatives/fmriprep/sub-077/func/sub-077_task-regularity_run-2_desc-confounds_timeseries.json	2	18
/scratch/jsein/BIDS/EcritApp/derivatives/fmriprep/sub-077/func/sub-077_task-regularity_run-3_desc-confounds_timeseries.json	3	24
/scratch/jsein/BIDS/EcritApp/derivatives/fmriprep/sub-077/func/sub-077_task-regularity_run-4_desc-confounds_timeseries.json	1	21
/scratch/jsein/BIDS/EcritApp/derivatives/fmriprep/sub-078/func/sub-078_task-localizer_desc-confounds_timeseries.json	0	20
/scratch/jsein/BIDS/EcritApp/derivatives/fmriprep/sub-078/func/sub-078_task-regularity_run-1_desc-confounds_timeseries.json	1	25
/scratch/jsein/BIDS/EcritApp/derivatives/fmriprep/sub-078/func/sub-078_task-regularity_run-2_desc-confounds_timeseries.json	1	24
/scratch/jsein/BIDS/EcritApp/derivatives/fmriprep/sub-078/func/sub-078_task-regularity_run-3_desc-confounds_timeseries.json	1	23
/scratch/jsein/BIDS/EcritApp/derivatives/fmriprep/sub-078/func/sub-078_task-regularity_run-4_desc-confounds_timeseries.json	1	19
/scratch/jsein/BIDS/EcritApp/derivatives/fmriprep/sub-079/func/sub-079_task-localizer_desc-confounds_timeseries.json	2	18
/scratch/jsein/BIDS/EcritApp/derivatives/fmriprep/sub-079/func/sub-079_task-regularity_run-1_desc-confounds_timeseries.json	5	24
/scratch/jsein/BIDS/EcritApp/derivatives/fmriprep/sub-079/func/sub-079_task-regularity_run-2_desc-confounds_timeseries.json	3	23
/scratch/jsein/BIDS/EcritApp/derivatives/fmriprep/sub-079/func/sub-079_task-regularity_run-3_desc-confounds_timeseries.json	6	28
/scratch/jsein/BIDS/EcritApp/derivatives/fmriprep/sub-079/func/sub-079_task-regularity_run-4_desc-confounds_timeseries.json	4	25
/scratch/jsein/BIDS/EcritApp/derivatives/fmriprep/sub-080/func/sub-080_task-localizer_desc-confounds_timeseries.json	0	19
/scratch/jsein/BIDS/EcritApp/derivatives/fmriprep/sub-080/func/sub-080_task-regularity_run-1_desc-confounds_timeseries.json	1	14
/scratch/jsein/BIDS/EcritApp/derivatives/fmriprep/sub-080/func/sub-080_task-regularity_run-2_desc-confounds_timeseries.json	0	15
/scratch/jsein/BIDS/EcritApp/derivatives/fmriprep/sub-080/func/sub-080_task-regularity_run-3_desc-confounds_timeseries.json	0	16
/scratch/jsein/BIDS/EcritApp/derivatives/fmriprep/sub-080/func/sub-080_task-regularity_run-4_desc-confounds_timeseries.json	1	14
/scratch/jsein/BIDS/EcritApp/derivatives/fmriprep/sub-081/func/sub-081_task-localizer_desc-confounds_timeseries.json	1	12
/scratch/jsein/BIDS/EcritApp/derivatives/fmriprep/sub-081/func/sub-081_task-regularity_run-1_desc-confounds_timeseries.json	1	16
/scratch/jsein/BIDS/EcritApp/derivatives/fmriprep/sub-081/func/sub-081_task-regularity_run-2_desc-confounds_timeseries.json	2	16
/scratch/jsein/BIDS/EcritApp/derivatives/fmriprep/sub-081/func/sub-081_task-regularity_run-3_desc-confounds_timeseries.json	1	17
/scratch/jsein/BIDS/EcritApp/derivatives/fmriprep/sub-081/func/sub-081_task-regularity_run-4_desc-confounds_timeseries.json	0	15
/scratch/jsein/BIDS/EcritApp/derivatives/fmriprep/sub-082/func/sub-082_task-localizer_desc-confounds_timeseries.json	1	19
/scratch/jsein/BIDS/EcritApp/derivatives/fmriprep/sub-082/func/sub-082_task-regularity_run-1_desc-confounds_timeseries.json	2	20
/scratch/jsein/BIDS/EcritApp/derivatives/fmriprep/sub-082/func/sub-082_task-regularity_run-2_desc-confounds_timeseries.json	1	20
/scratch/jsein/BIDS/EcritApp/derivatives/fmriprep/sub-082/func/sub-082_task-regularity_run-3_desc-confounds_timeseries.json	2	17
/scratch/jsein/BIDS/EcritApp/derivatives/fmriprep/sub-082/func/sub-082_task-regularity_run-4_desc-confounds_timeseries.json	3	21
/scratch/jsein/BIDS/EcritApp/derivatives/fmriprep/sub-083/func/sub-083_task-localizer_desc-confounds_timeseries.json	3	19
/scratch/jsein/BIDS/EcritApp/derivatives/fmriprep/sub-083/func/sub-083_task-regularity_run-1_desc-confounds_timeseries.json	2	21
/scratch/jsein/BIDS/EcritApp/derivatives/fmriprep/sub-083/func/sub-083_task-regularity_run-2_desc-confounds_timeseries.json	3	19
/scratch/jsein/BIDS/EcritApp/derivatives/fmriprep/sub-083/func/sub-083_task-regularity_run-3_desc-confounds_timeseries.json	5	25
/scratch/jsein/BIDS/EcritApp/derivatives/fmriprep/sub-083/func/sub-083_task-regularity_run-4_desc-confounds_timeseries.json	5	24
/scratch/jsein/BIDS/EcritApp/derivatives/fmriprep/sub-084/func/sub-084_task-localizer_desc-confounds_timeseries.json	1	19
/scratch/jsein/BIDS/EcritApp/derivatives/fmriprep/sub-084/func/sub-084_task-regularity_run-1_desc-confounds_timeseries.json	1	24
/scratch/jsein/BIDS/EcritApp/derivatives/fmriprep/sub-084/func/sub-084_task-regularity_run-2_desc-confounds_timeseries.json	1	24
/scratch/jsein/BIDS/EcritApp/derivatives/fmriprep/sub-084/func/sub-084_task-regularity_run-3_desc-confounds_timeseries.json	1	23
/scratch/jsein/BIDS/EcritApp/derivatives/fmriprep/sub-084/func/sub-084_task-regularity_run-4_desc-confounds_timeseries.json	1	23
/scratch/jsein/BIDS/EcritApp/derivatives/fmriprep/sub-085/func/sub-085_task-localizer_desc-confounds_timeseries.json	5	14
/scratch/jsein/BIDS/EcritApp/derivatives/fmriprep/sub-085/func/sub-085_task-regularity_run-1_desc-confounds_timeseries.json	7	26
/scratch/jsein/BIDS/EcritApp/derivatives/fmriprep/sub-085/func/sub-085_task-regularity_run-2_desc-confounds_timeseries.json	6	24
/scratch/jsein/BIDS/EcritApp/derivatives/fmriprep/sub-085/func/sub-085_task-regularity_run-3_desc-confounds_timeseries.json	8	24
/scratch/jsein/BIDS/EcritApp/derivatives/fmriprep/sub-085/func/sub-085_task-regularity_run-4_desc-confounds_timeseries.json	8	23
/scratch/jsein/BIDS/EcritApp/derivatives/fmriprep/sub-086/func/sub-086_task-localizer_desc-confounds_timeseries.json	1	14
/scratch/jsein/BIDS/EcritApp/derivatives/fmriprep/sub-086/func/sub-086_task-regularity_run-1_desc-confounds_timeseries.json	1	18
/scratch/jsein/BIDS/EcritApp/derivatives/fmriprep/sub-086/func/sub-086_task-regularity_run-2_desc-confounds_timeseries.json	1	18
/scratch/jsein/BIDS/EcritApp/derivatives/fmriprep/sub-086/func/sub-086_task-regularity_run-3_desc-confounds_timeseries.json	0	16
/scratch/jsein/BIDS/EcritApp/derivatives/fmriprep/sub-086/func/sub-086_task-regularity_run-4_desc-confounds_timeseries.json	1	15
/scratch/jsein/BIDS/EcritApp/derivatives/fmriprep/sub-087/func/sub-087_task-localizer_desc-confounds_timeseries.json	1	14
/scratch/jsein/BIDS/EcritApp/derivatives/fmriprep/sub-087/func/sub-087_task-regularity_run-1_desc-confounds_timeseries.json	0	14
/scratch/jsein/BIDS/EcritApp/derivatives/fmriprep/sub-087/func/sub-087_task-regularity_run-2_desc-confounds_timeseries.json	0	13
/scratch/jsein/BIDS/EcritApp/derivatives/fmriprep/sub-087/func/sub-087_task-regularity_run-3_desc-confounds_timeseries.json	0	13
/scratch/jsein/BIDS/EcritApp/derivatives/fmriprep/sub-087/func/sub-087_task-regularity_run-4_desc-confounds_timeseries.json	0	14
/scratch/jsein/BIDS/EcritApp/derivatives/fmriprep/sub-088/func/sub-088_task-localizer_desc-confounds_timeseries.json	2	21
/scratch/jsein/BIDS/EcritApp/derivatives/fmriprep/sub-088/func/sub-088_task-regularity_run-1_desc-confounds_timeseries.json	1	29
/scratch/jsein/BIDS/EcritApp/derivatives/fmriprep/sub-088/func/sub-088_task-regularity_run-2_desc-confounds_timeseries.json	4	24
/scratch/jsein/BIDS/EcritApp/derivatives/fmriprep/sub-088/func/sub-088_task-regularity_run-3_desc-confounds_timeseries.json	0	29
/scratch/jsein/BIDS/EcritApp/derivatives/fmriprep/sub-088/func/sub-088_task-regularity_run-4_desc-confounds_timeseries.json	2	23
